cgpa,backlogs,coding,sql,aptitude,communication,projects,certifications,internships,placement_readiness
8.5,0,82,75,85,80,4,3,2,92
7.2,1,60,55,65,60,2,1,1,62
6.8,2,45,40,50,55,1,0,0,40
9.1,0,90,88,92,88,5,4,2,97
5.5,3,30,25,35,40,0,0,0,22
7.8,0,72,68,75,72,3,2,1,78
8.9,0,85,80,88,84,4,3,2,93
6.0,2,42,38,45,50,1,0,0,35
7.5,1,65,60,70,65,2,2,1,68
8.2,0,78,72,80,76,3,3,1,85
5.0,4,20,18,25,30,0,0,0,12
9.5,0,95,92,96,92,6,5,3,99
6.5,1,52,48,55,58,1,1,0,48
7.0,1,58,54,62,62,2,1,1,58
8.7,0,84,79,87,82,4,3,2,91
5.8,3,35,30,40,45,1,0,0,28
7.3,0,63,59,68,67,2,2,1,70
8.4,0,80,76,83,78,3,3,2,88
6.2,2,47,43,52,54,1,1,0,42
9.3,0,93,90,94,90,5,4,3,98
7.9,1,73,69,76,73,3,2,1,79
5.2,4,22,20,28,32,0,0,0,14
8.6,0,83,78,86,81,4,3,2,90
6.7,1,55,50,58,61,2,1,0,52
7.6,0,67,62,72,70,2,2,1,73
8.1,0,76,71,79,75,3,2,1,83
5.5,2,32,28,37,42,0,0,0,26
9.0,0,91,87,93,89,5,4,2,96
6.3,2,49,44,53,56,1,1,0,44
7.1,1,60,56,63,64,2,1,1,61
8.3,0,79,74,82,77,3,3,1,86
5.7,3,36,32,41,46,1,0,0,30
7.4,0,65,61,70,68,2,2,1,72
8.8,0,86,81,89,85,4,4,2,94
6.1,2,44,40,49,53,1,0,0,38
9.2,0,92,89,95,91,5,5,3,98
7.7,1,70,66,74,71,3,2,1,76
5.3,4,24,21,30,34,0,0,0,16
8.0,0,75,70,78,74,3,2,1,82
6.4,1,51,47,56,59,1,1,0,47
7.2,0,62,58,67,66,2,2,1,67
8.5,0,82,77,85,80,4,3,2,89
5.9,2,38,34,43,48,1,0,0,32
9.4,0,94,91,96,92,6,5,3,99
6.6,1,54,49,58,62,2,1,0,51
7.8,0,72,68,76,73,3,2,1,80
8.2,0,78,73,81,77,3,3,1,85
5.4,3,28,24,33,38,0,0,0,20
8.9,0,87,82,90,86,5,4,2,95
6.9,1,57,52,62,63,2,1,1,56
7.5,0,66,62,71,69,2,2,1,74
8.7,0,84,79,87,83,4,3,2,92
5.6,2,33,29,38,44,0,0,0,24
9.1,0,91,88,93,90,5,4,2,97
6.8,1,56,51,61,63,2,1,1,55
7.4,0,64,60,69,67,2,2,1,71
8.3,0,80,75,83,79,3,3,2,87
5.8,3,37,33,42,47,1,0,0,31
9.0,0,90,86,92,88,5,4,2,96
6.2,2,46,42,51,55,1,0,0,41
7.0,1,59,55,63,63,2,1,1,60
8.6,0,83,78,86,82,4,3,2,91
5.5,4,25,22,31,36,0,0,0,18
9.3,0,93,90,95,91,6,5,3,98
6.5,1,53,48,57,60,1,1,0,49
7.3,0,63,59,68,67,2,2,1,69
8.1,0,77,72,80,76,3,2,1,84
5.7,2,35,31,40,45,1,0,0,27
9.2,0,92,89,94,91,5,5,3,98
7.6,1,68,64,73,71,3,2,1,75
5.1,4,21,19,27,31,0,0,0,13
8.4,0,81,76,84,80,4,3,2,89
6.3,2,48,44,53,57,1,1,0,43
7.1,1,61,57,65,65,2,1,1,62
8.9,0,87,83,90,87,4,4,2,94
5.9,3,36,32,41,46,1,0,0,29
9.0,0,90,87,93,90,5,4,3,97
6.7,1,55,51,60,62,2,1,0,53
7.5,0,67,63,72,70,2,2,1,74
8.2,0,79,74,82,78,3,3,1,86
5.6,3,32,28,37,42,0,0,0,23
9.4,0,94,91,96,93,6,5,3,99
6.4,2,50,46,55,59,1,1,0,46
7.2,0,62,58,67,66,2,2,1,68
8.7,0,85,80,88,84,4,3,2,92
5.3,4,23,20,29,33,0,0,0,15
9.1,0,91,88,93,90,5,4,2,97
6.6,1,54,50,59,62,2,1,0,52
7.4,0,65,61,70,68,2,2,1,73
8.5,0,82,77,85,81,3,3,2,90
5.8,2,36,32,41,46,1,0,0,30
9.3,0,93,90,95,92,6,5,3,99
6.0,2,43,39,48,52,1,0,0,37
7.3,1,63,59,68,67,2,2,1,70
8.4,0,80,75,83,79,3,3,2,88
5.5,3,30,26,35,40,0,0,0,21
8.8,0,86,81,89,85,4,4,2,94
6.8,1,57,52,62,64,2,1,1,56
7.6,0,68,64,73,71,3,2,1,76
8.1,0,77,72,80,76,3,2,1,83
5.4,4,26,23,32,37,0,0,0,18
